DATE,LAT,LON,Site_name,Latin_name,Sex
2007-09-13 18:17:00,32.87034,-3.81261,kehf ghnigat,Plecotus teneriffae,female
2007-09-13 18:17:00,32.87034,-3.81261,kehf ghnigat,Plecotus teneriffae,male
2007-09-13 18:17:00,32.87034,-3.81261,kehf ghnigat,Plecotus teneriffae,male
2007-09-13 18:17:00,32.87034,-3.81261,kehf ghnigat,Plecotus teneriffae,male
2007-06-06 19:15:00,33.11286,-4.35960,kehf almou,Plecotus teneriffae,male
2007-06-06 19:15:00,33.11286,-4.35960,kehf almou,Plecotus teneriffae,male
2007-06-06 19:15:00,33.11286,-4.35960,kehf almou,Plecotus teneriffae,male
2007-06-06 19:15:00,33.11286,-4.35960,kehf almou,Plecotus teneriffae,male
2007-06-06 19:15:00,33.11286,-4.35960,kehf almou,Plecotus teneriffae,male
2007-06-06 19:15:00,33.11286,-4.35960,kehf almou,Eptesicus isabellinus,male
2007-06-06 19:15:00,33.11286,-4.35960,kehf almou,Plecotus teneriffae,male
2007-06-06 19:15:00,33.11286,-4.35960,kehf almou,Plecotus teneriffae,male
2007-06-06 19:15:00,33.11286,-4.35960,kehf almou,Plecotus teneriffae,male
2007-06-06 19:15:00,33.11286,-4.35960,kehf almou,Plecotus teneriffae,male
2007-06-06 19:15:00,33.11286,-4.35960,kehf almou,Plecotus teneriffae,male
2007-06-07 00:00:00,33.11286,-4.35960,kehf almou,Hypsugo savii,female
2007-06-07 00:00:00,33.11286,-4.35960,kehf almou,Plecotus teneriffae,male
2007-06-07 00:00:00,33.11286,-4.35960,kehf almou,Eptesicus isabellinus,male
2007-06-07 00:00:00,33.11286,-4.35960,kehf almou,Eptesicus isabellinus,male
2007-06-07 00:00:00,33.11286,-4.35960,kehf almou,Hypsugo savii,female
2007-06-07 00:00:00,33.11286,-4.35960,kehf almou,Myotis emarginatus,female
2007-06-07 00:00:00,33.11286,-4.35960,kehf almou,Plecotus teneriffae,(indeterminate)
2007-06-07 00:00:00,33.11286,-4.35960,kehf almou,Plecotus teneriffae,(indeterminate)
2007-06-07 00:00:00,33.11286,-4.35960,kehf almou,Plecotus teneriffae,(indeterminate)
2008-06-12 19:18:00,32.56750,-1.95303,mine bouarfa,Plecotus teneriffae,female
2008-06-12 19:18:00,32.56750,-1.95303,mine bouarfa,Plecotus teneriffae,male
2008-06-12 19:18:00,32.56750,-1.95303,mine bouarfa,Plecotus teneriffae,female
2008-06-12 19:18:00,32.56750,-1.95303,mine bouarfa,Plecotus teneriffae,male
2008-06-12 19:18:00,32.56750,-1.95303,mine bouarfa,Plecotus teneriffae,female
2008-06-12 19:18:00,32.56750,-1.95303,mine bouarfa,Plecotus teneriffae,female
2008-06-12 19:18:00,32.56750,-1.95303,mine bouarfa,Plecotus teneriffae,female
2008-06-12 19:18:00,32.56750,-1.95303,mine bouarfa,Plecotus teneriffae,female
2008-06-12 19:18:00,32.56750,-1.95303,mine bouarfa,Plecotus teneriffae,female
2008-06-12 19:18:00,32.56750,-1.95303,mine bouarfa,Plecotus teneriffae,female
2008-06-13 00:00:00,32.56750,-1.95303,mine bouarfa,Plecotus teneriffae,male
2008-06-13 00:00:00,32.56750,-1.95303,mine bouarfa,Plecotus teneriffae,male
2007-06-29 19:22:00,32.68407,-2.72386,nm bel ghiada,Eptesicus isabellinus,female
2007-06-30 00:00:00,32.68407,-2.72386,nm bel ghiada,Eptesicus isabellinus,female
2007-06-30 00:00:00,32.68407,-2.72386,nm bel ghiada,Tadarida teniotis,male
2007-06-09 19:16:00,32.62139,-3.77602,mine tamslemt,Plecotus teneriffae,male
2007-06-09 19:16:00,32.62139,-3.77602,mine tamslemt,Plecotus teneriffae,male
2007-06-09 19:16:00,32.62139,-3.77602,mine tamslemt,Plecotus teneriffae,male
2007-06-09 19:16:00,32.62139,-3.77602,mine tamslemt,Plecotus teneriffae,male
2007-06-10 00:00:00,32.62139,-3.77602,mine tamslemt,Plecotus teneriffae,male
2007-07-16 19:19:00,32.34790,-2.85266,nm karima,Eptesicus isabellinus,male
2007-07-16 19:19:00,32.34790,-2.85266,nm karima,Eptesicus isabellinus,female
2007-07-16 19:19:00,32.34790,-2.85266,nm karima,Hypsugo savii,male
2007-07-16 19:19:00,32.34790,-2.85266,nm karima,Eptesicus isabellinus,female
2007-07-16 19:19:00,32.34790,-2.85266,nm karima,Eptesicus isabellinus,male
2007-07-16 19:19:00,32.34790,-2.85266,nm karima,Eptesicus isabellinus,female
2007-07-16 19:19:00,32.34790,-2.85266,nm karima,Eptesicus isabellinus,female
2007-07-16 19:19:00,32.34790,-2.85266,nm karima,Eptesicus isabellinus,female
2007-07-16 19:19:00,32.34790,-2.85266,nm karima,Hypsugo savii,male
2007-07-16 19:19:00,32.34790,-2.85266,nm karima,Eptesicus isabellinus,male
2007-07-16 19:19:00,32.34790,-2.85266,nm karima,Hypsugo savii,female
2007-07-16 19:19:00,32.34790,-2.85266,nm karima,Hypsugo savii,female
2007-07-16 19:19:00,32.34790,-2.85266,nm karima,Eptesicus isabellinus,female
2007-07-16 19:19:00,32.34790,-2.85266,nm karima,Hypsugo savii,female
2007-07-16 19:19:00,32.34790,-2.85266,nm karima,Eptesicus isabellinus,male
2007-07-16 19:19:00,32.34790,-2.85266,nm karima,Hypsugo savii,female
2007-07-16 19:19:00,32.34790,-2.85266,nm karima,Plecotus teneriffae,female
2007-07-16 19:19:00,32.34790,-2.85266,nm karima,Hypsugo savii,male
2008-07-08 19:21:00,33.05185,-4.08478,oued chouf cherg aval,Eptesicus isabellinus,male
2008-07-08 19:21:00,33.05185,-4.08478,oued chouf cherg aval,Eptesicus isabellinus,female
2007-07-03 00:00:00,32.36284,-2.49076,kehf mhessar,Eptesicus isabellinus,male
2007-07-03 00:00:00,32.36284,-2.49076,kehf mhessar,Rhinopoma hardwickei,male
2007-07-05 00:00:00,32.32772,-2.80664,nm jbel qob,Eptesicus isabellinus,male
2007-07-05 00:00:00,32.32772,-2.80664,nm jbel qob,Eptesicus isabellinus,male
2007-07-05 00:00:00,32.32772,-2.80664,nm jbel qob,Eptesicus isabellinus,female
2007-07-05 00:00:00,32.32772,-2.80664,nm jbel qob,Eptesicus isabellinus,male
2007-07-05 00:00:00,32.32772,-2.80664,nm jbel qob,Eptesicus isabellinus,male
2007-07-05 00:00:00,32.32772,-2.80664,nm jbel qob,Eptesicus isabellinus,female
2007-07-05 00:00:00,32.32772,-2.80664,nm jbel qob,Eptesicus isabellinus,female
2007-07-05 00:00:00,32.32772,-2.80664,nm jbel qob,Hypsugo savii,female
2008-08-27 00:00:00,32.13579,-3.04252,kehf hmam,Rhinopoma hardwickei,male
2008-08-27 00:00:00,32.13579,-3.04252,kehf hmam,Rhinopoma hardwickei,male
2007-05-19 19:03:00,32.56750,-1.95303,mine bouarfa,Plecotus teneriffae,(indeterminate)
2007-05-19 19:03:00,32.56750,-1.95303,mine bouarfa,Plecotus teneriffae,(indeterminate)
2007-05-19 19:03:00,32.56750,-1.95303,mine bouarfa,Plecotus teneriffae,male
2007-05-19 19:03:00,32.56750,-1.95303,mine bouarfa,Plecotus teneriffae,female
2007-05-19 19:03:00,32.56750,-1.95303,mine bouarfa,Plecotus teneriffae,male
2007-05-19 19:03:00,32.56750,-1.95303,mine bouarfa,Rhinolophus blasii,female
2007-05-19 19:03:00,32.56750,-1.95303,mine bouarfa,Plecotus teneriffae,female
2007-05-19 19:03:00,32.56750,-1.95303,mine bouarfa,Plecotus teneriffae,female
2007-05-19 19:03:00,32.56750,-1.95303,mine bouarfa,Plecotus teneriffae,male
2007-05-19 19:03:00,32.56750,-1.95303,mine bouarfa,Plecotus teneriffae,female
2007-05-19 19:03:00,32.56750,-1.95303,mine bouarfa,Plecotus teneriffae,female
2007-05-19 19:03:00,32.56750,-1.95303,mine bouarfa,Plecotus teneriffae,female
2007-05-19 19:03:00,32.56750,-1.95303,mine bouarfa,Plecotus teneriffae,female
2007-07-17 19:18:00,32.61308,-2.29591,nm n'sissa,Eptesicus isabellinus,female
2007-07-17 19:18:00,32.61308,-2.29591,nm n'sissa,Eptesicus isabellinus,male
2007-07-17 19:18:00,32.61308,-2.29591,nm n'sissa,Eptesicus isabellinus,male
2007-07-17 19:18:00,32.61308,-2.29591,nm n'sissa,Eptesicus isabellinus,female
2007-07-17 19:18:00,32.61308,-2.29591,nm n'sissa,Eptesicus isabellinus,male
2007-07-17 19:18:00,32.61308,-2.29591,nm n'sissa,Eptesicus isabellinus,female
2007-07-17 19:18:00,32.61308,-2.29591,nm n'sissa,Hypsugo savii,male
2007-07-17 19:18:00,32.61308,-2.29591,nm n'sissa,Hypsugo savii,female
2007-07-17 19:18:00,32.61308,-2.29591,nm n'sissa,Eptesicus isabellinus,female
2008-08-05 19:05:00,32.26857,-2.51628,kehf chabatlakhira,Rhinopoma hardwickei,male
2008-08-05 19:05:00,32.26857,-2.51628,kehf chabatlakhira,Rhinopoma hardwickei,female
2008-08-05 19:05:00,32.26857,-2.51628,kehf chabatlakhira,Rhinopoma hardwickei,male
2008-08-05 19:05:00,32.26857,-2.51628,kehf chabatlakhira,Rhinopoma hardwickei,female
2008-08-05 19:05:00,32.26857,-2.51628,kehf chabatlakhira,Rhinopoma hardwickei,female
2008-08-05 19:05:00,32.26857,-2.51628,kehf chabatlakhira,Rhinopoma hardwickei,(indeterminate)
2008-08-05 19:05:00,32.26857,-2.51628,kehf chabatlakhira,Rhinopoma hardwickei,male
2008-08-05 19:05:00,32.26857,-2.51628,kehf chabatlakhira,Rhinopoma hardwickei,male
2009-06-27 00:00:00,33.56908,-3.77369,Nm tachourouint,Hypsugo savii,female
2009-08-11 19:00:00,32.34180,-3.09919,oued moguir,Eptesicus isabellinus,female
2009-08-11 19:00:00,32.34180,-3.09919,oued moguir,Eptesicus isabellinus,female
2009-08-15 20:00:00,32.70075,-3.79857,nm taoura,Eptesicus isabellinus,female
2009-08-15 20:00:00,32.70075,-3.79857,nm taoura,Eptesicus isabellinus,female
2009-08-15 20:00:00,32.70075,-3.79857,nm taoura,Eptesicus isabellinus,male
2009-08-15 20:00:00,32.70075,-3.79857,nm taoura,Tadarida teniotis,female
2009-08-15 20:00:00,32.70075,-3.79857,nm taoura,Eptesicus isabellinus,male
2009-08-15 20:00:00,32.70075,-3.79857,nm taoura,Tadarida teniotis,female
2009-08-15 20:00:00,32.70075,-3.79857,nm taoura,Eptesicus isabellinus,male
2009-08-15 20:00:00,32.70075,-3.79857,nm taoura,Eptesicus isabellinus,female
2009-08-15 20:00:00,32.70075,-3.79857,nm taoura,Tadarida teniotis,female
2009-08-15 20:00:00,32.70075,-3.79857,nm taoura,Eptesicus isabellinus,female
2009-08-15 20:00:00,32.70075,-3.79857,nm taoura,Eptesicus isabellinus,female
2009-08-15 20:00:00,32.70075,-3.79857,nm taoura,Tadarida teniotis,female
2009-08-15 20:00:00,32.70075,-3.79857,nm taoura,Eptesicus isabellinus,female
2007-09-17 18:11:00,32.56750,-1.95303,mine bouarfa,Plecotus teneriffae,female
2007-09-17 18:11:00,32.56750,-1.95303,mine bouarfa,Plecotus teneriffae,male
2007-09-17 18:11:00,32.56750,-1.95303,mine bouarfa,Plecotus teneriffae,male
2007-09-17 18:11:00,32.56750,-1.95303,mine bouarfa,Plecotus teneriffae,female
2007-09-17 18:11:00,32.56750,-1.95303,mine bouarfa,Plecotus teneriffae,female
2007-09-17 18:11:00,32.56750,-1.95303,mine bouarfa,Plecotus teneriffae,male
2008-07-09 00:00:00,33.05185,-4.08478,oued chouf cherg aval,Hypsugo savii,female
2008-06-11 19:17:00,32.40889,-2.79580,kehf baaj,Rhinopoma hardwickei,male
2008-06-11 19:17:00,32.40889,-2.79580,kehf baaj,Plecotus teneriffae,female
2008-06-11 19:17:00,32.40889,-2.79580,kehf baaj,Plecotus teneriffae,female
2008-06-11 19:17:00,32.40889,-2.79580,kehf baaj,Plecotus teneriffae,male
2008-06-11 19:17:00,32.40889,-2.79580,kehf baaj,Plecotus teneriffae,female
2008-06-11 19:17:00,32.40889,-2.79580,kehf baaj,Eptesicus isabellinus,male
2008-06-11 19:17:00,32.40889,-2.79580,kehf baaj,Plecotus teneriffae,female
2008-06-11 19:17:00,32.40889,-2.79580,kehf baaj,Plecotus teneriffae,male
2008-06-11 19:17:00,32.40889,-2.79580,kehf baaj,Plecotus teneriffae,male
2008-06-11 19:17:00,32.40889,-2.79580,kehf baaj,Plecotus teneriffae,female
2008-06-11 19:17:00,32.40889,-2.79580,kehf baaj,Plecotus teneriffae,female
2008-06-11 19:17:00,32.40889,-2.79580,kehf baaj,Plecotus teneriffae,male
2008-06-11 19:17:00,32.40889,-2.79580,kehf baaj,Plecotus teneriffae,female
2007-06-30 19:22:00,32.39199,-2.46646,kehf hazma,Asellia tridens,male
2007-06-30 19:22:00,32.39199,-2.46646,kehf hazma,Asellia tridens,male
2007-06-30 19:22:00,32.39199,-2.46646,kehf hazma,Asellia tridens,male
2007-06-30 19:22:00,32.39199,-2.46646,kehf hazma,Asellia tridens,male
2007-07-02 19:22:00,32.36284,-2.49076,kehf mhessar,Asellia tridens,male
2007-07-02 19:22:00,32.36284,-2.49076,kehf mhessar,Hypsugo savii,female
2008-06-19 19:20:00,33.39997,-3.47342,kehf osatlbir,Plecotus teneriffae,female
2007-07-04 19:22:00,32.32772,-2.80664,nm jbel qob,Asellia tridens,male
2007-07-04 19:22:00,32.32772,-2.80664,nm jbel qob,Eptesicus isabellinus,female
2007-07-04 19:22:00,32.32772,-2.80664,nm jbel qob,Eptesicus isabellinus,female
2007-07-04 19:22:00,32.32772,-2.80664,nm jbel qob,Eptesicus isabellinus,female
2007-07-04 19:22:00,32.32772,-2.80664,nm jbel qob,Eptesicus isabellinus,male
2007-07-04 19:22:00,32.32772,-2.80664,nm jbel qob,Eptesicus isabellinus,female
2007-07-04 19:22:00,32.32772,-2.80664,nm jbel qob,Plecotus teneriffae,male
2007-07-24 00:00:00,32.37791,-3.14635,nm tlamt,Eptesicus isabellinus,male
2008-08-21 18:48:00,32.99694,-4.04605,,Eptesicus isabellinus,female
2008-08-21 18:48:00,32.99694,-4.04605,,Eptesicus isabellinus,male
2008-08-26 18:42:00,32.13579,-3.04252,kehf hmam,Eptesicus isabellinus,female
2008-08-26 18:42:00,32.13579,-3.04252,kehf hmam,Eptesicus isabellinus,female
2008-08-26 18:42:00,32.13579,-3.04252,kehf hmam,Eptesicus isabellinus,female
2008-08-26 18:42:00,32.13579,-3.04252,kehf hmam,Rhinopoma hardwickei,male
2008-08-26 18:42:00,32.13579,-3.04252,kehf hmam,Rhinopoma hardwickei,male
2008-08-26 18:42:00,32.13579,-3.04252,kehf hmam,Rhinopoma hardwickei,male
2008-08-26 18:42:00,32.13579,-3.04252,kehf hmam,Rhinopoma hardwickei,female
2008-08-26 18:42:00,32.13579,-3.04252,kehf hmam,Rhinopoma hardwickei,male
2008-08-26 18:42:00,32.13579,-3.04252,kehf hmam,Rhinopoma hardwickei,male
2008-08-26 18:42:00,32.13579,-3.04252,kehf hmam,Rhinopoma hardwickei,male
2008-08-26 18:42:00,32.13579,-3.04252,kehf hmam,Rhinopoma hardwickei,female
2008-08-26 18:42:00,32.13579,-3.04252,kehf hmam,Rhinopoma hardwickei,male
2008-08-26 18:42:00,32.13579,-3.04252,kehf hmam,Rhinopoma hardwickei,male
2008-08-26 18:42:00,32.13579,-3.04252,kehf hmam,Rhinopoma hardwickei,female
2008-08-26 18:42:00,32.13579,-3.04252,kehf hmam,Rhinopoma hardwickei,male
2008-08-26 18:42:00,32.13579,-3.04252,kehf hmam,Rhinopoma hardwickei,male
2008-08-26 18:42:00,32.13579,-3.04252,kehf hmam,Rhinopoma hardwickei,male
2007-07-01 19:22:00,32.56750,-1.95303,mine bouarfa,Plecotus teneriffae,female
2007-07-01 19:22:00,32.56750,-1.95303,mine bouarfa,Plecotus teneriffae,female
2007-07-01 19:22:00,32.56750,-1.95303,mine bouarfa,Plecotus teneriffae,female
2007-07-01 19:22:00,32.56750,-1.95303,mine bouarfa,Plecotus teneriffae,female
2007-07-01 19:22:00,32.56750,-1.95303,mine bouarfa,Plecotus teneriffae,female
2007-07-01 19:22:00,32.56750,-1.95303,mine bouarfa,Plecotus teneriffae,female
2007-07-01 19:22:00,32.56750,-1.95303,mine bouarfa,Plecotus teneriffae,male
2007-07-01 19:22:00,32.56750,-1.95303,mine bouarfa,Plecotus teneriffae,female
2007-07-01 19:22:00,32.56750,-1.95303,mine bouarfa,Plecotus teneriffae,female
2007-07-16 19:19:00,32.34790,-2.85266,nm karima,Hypsugo savii,male
2007-07-16 19:19:00,32.34790,-2.85266,nm karima,Eptesicus isabellinus,male
2007-07-16 19:19:00,32.34790,-2.85266,nm karima,Plecotus teneriffae,male
2007-07-16 19:19:00,32.34790,-2.85266,nm karima,Plecotus teneriffae,male
2007-07-16 19:19:00,32.34790,-2.85266,nm karima,Plecotus teneriffae,male
2007-07-16 19:19:00,32.34790,-2.85266,nm karima,Hypsugo savii,female
2007-07-16 19:19:00,32.34790,-2.85266,nm karima,Hypsugo savii,female
2007-07-16 19:19:00,32.34790,-2.85266,nm karima,Hypsugo savii,female
2007-07-17 00:00:00,32.34790,-2.85266,nm karima,Eptesicus isabellinus,male
2007-07-17 00:00:00,32.34790,-2.85266,nm karima,Eptesicus isabellinus,female
2007-07-17 00:00:00,32.34790,-2.85266,nm karima,Eptesicus isabellinus,female
2007-07-17 00:00:00,32.34790,-2.85266,nm karima,Eptesicus isabellinus,male
2007-07-17 00:00:00,32.34790,-2.85266,nm karima,Hypsugo savii,female
2007-07-17 00:00:00,32.34790,-2.85266,nm karima,Eptesicus isabellinus,female
2007-07-17 00:00:00,32.34790,-2.85266,nm karima,Eptesicus isabellinus,female
2007-07-17 00:00:00,32.34790,-2.85266,nm karima,Eptesicus isabellinus,male
2007-07-17 00:00:00,32.34790,-2.85266,nm karima,Eptesicus isabellinus,male
2007-07-17 00:00:00,32.34790,-2.85266,nm karima,Eptesicus isabellinus,female
2007-07-17 00:00:00,32.34790,-2.85266,nm karima,Eptesicus isabellinus,female
2007-07-17 00:00:00,32.34790,-2.85266,nm karima,Eptesicus isabellinus,female
2007-07-17 00:00:00,32.34790,-2.85266,nm karima,Eptesicus isabellinus,male
2007-07-17 00:00:00,32.34790,-2.85266,nm karima,Eptesicus isabellinus,female
2007-07-17 00:00:00,32.34790,-2.85266,nm karima,Eptesicus isabellinus,male
2008-07-09 19:21:00,32.34556,-1.97653,mine ghels,Plecotus teneriffae,female
2008-07-08 19:21:00,32.66505,-3.16124,nm anoual1,Eptesicus isabellinus,male
2008-07-08 19:21:00,32.66505,-3.16124,nm anoual1,Eptesicus isabellinus,female
2008-07-08 19:21:00,32.66505,-3.16124,nm anoual1,Eptesicus isabellinus,male
2008-07-08 19:21:00,32.66505,-3.16124,nm anoual1,Hypsugo savii,female
2008-07-08 19:21:00,32.66505,-3.16124,nm anoual1,Eptesicus isabellinus,female
2008-07-08 19:21:00,32.66505,-3.16124,nm anoual1,Eptesicus isabellinus,female
2008-07-08 19:21:00,32.66505,-3.16124,nm anoual1,Eptesicus isabellinus,female
2008-07-08 19:21:00,32.66505,-3.16124,nm anoual1,Eptesicus isabellinus,female
2008-07-09 00:00:00,32.66505,-3.16124,nm anoual1,Eptesicus isabellinus,male
2008-07-09 00:00:00,32.66505,-3.16124,nm anoual1,Eptesicus isabellinus,male
2008-07-09 00:00:00,32.66505,-3.16124,nm anoual1,Eptesicus isabellinus,female
2008-07-09 00:00:00,32.66505,-3.16124,nm anoual1,Hypsugo savii,female
2008-07-01 19:22:00,32.67289,-4.03364,kehf tagourast,Hypsugo savii,female
2008-06-17 19:20:00,32.71686,-3.61896,mine ouled tayr2,Plecotus teneriffae,male
2008-06-17 19:20:00,32.71686,-3.61896,mine ouled tayr2,Plecotus teneriffae,male
2008-06-17 19:20:00,32.71686,-3.61896,mine ouled tayr2,Plecotus teneriffae,female
2008-06-17 19:20:00,32.71686,-3.61896,mine ouled tayr2,Plecotus teneriffae,male
2008-06-17 19:20:00,32.71686,-3.61896,mine ouled tayr2,Plecotus teneriffae,male
2008-06-17 19:20:00,32.71686,-3.61896,mine ouled tayr2,Plecotus teneriffae,male
2009-07-10 20:00:00,32.65150,-4.12969,oued bousselam,Eptesicus isabellinus,male
2009-07-30 19:25:00,33.96965,-3.03957,kehf sbaa,Eptesicus isabellinus,male
2009-07-30 19:25:00,33.96965,-3.03957,kehf sbaa,Eptesicus isabellinus,female
2009-08-17 19:00:00,33.37690,-4.20313,oued almis,Hypsugo savii,male
2009-08-17 19:00:00,33.37690,-4.20313,oued almis,Eptesicus isabellinus,male
2009-08-18 00:00:00,33.37690,-4.20313,oued almis,Plecotus teneriffae,male
2009-08-18 00:00:00,33.37690,-4.20313,oued almis,Hypsugo savii,male
2009-08-18 00:00:00,33.37690,-4.20313,oued almis,Plecotus teneriffae,male
2009-08-04 00:00:00,32.51506,-1.00983,nm ich,Eptesicus isabellinus,male
2009-08-04 00:00:00,32.51506,-1.00983,nm ich,Eptesicus isabellinus,male
2009-06-06 19:50:00,33.23745,-4.65040,artif barrage enjil,Plecotus teneriffae,male
2009-06-03 19:30:00,33.35756,-3.85763,mine shegg l'ard,Plecotus teneriffae,male
2009-06-04 00:00:00,33.35756,-3.85763,mine shegg l'ard,Eptesicus isabellinus,male
2009-06-04 00:00:00,33.35756,-3.85763,mine shegg l'ard,Eptesicus isabellinus,male
2009-06-04 00:00:00,33.35756,-3.85763,mine shegg l'ard,Eptesicus isabellinus,male
2009-06-04 00:00:00,33.35756,-3.85763,mine shegg l'ard,Eptesicus isabellinus,male
2009-08-17 19:00:00,32.20189,-2.48033,nm ain chair,Eptesicus isabellinus,female
2007-07-18 00:00:00,32.61308,-2.29591,,Eptesicus isabellinus,female
2007-07-18 00:00:00,32.61308,-2.29591,,Eptesicus isabellinus,male
2009-08-15 20:00:00,32.70075,-3.79857,nm taoura,Eptesicus isabellinus,male
2009-08-15 20:00:00,32.70075,-3.79857,nm taoura,Eptesicus isabellinus,female
2009-08-15 20:00:00,32.70075,-3.79857,nm taoura,Eptesicus isabellinus,female
2009-08-15 20:00:00,32.70075,-3.79857,nm taoura,Eptesicus isabellinus,female
2009-08-15 20:00:00,32.70075,-3.79857,nm taoura,Eptesicus isabellinus,male
2009-08-15 20:00:00,32.70075,-3.79857,nm taoura,Eptesicus isabellinus,female
2009-08-15 20:00:00,32.70075,-3.79857,nm taoura,Eptesicus isabellinus,male
2009-08-15 20:00:00,32.70075,-3.79857,nm taoura,Eptesicus isabellinus,male
2009-08-15 20:00:00,32.70075,-3.79857,nm taoura,Eptesicus isabellinus,male
2009-08-15 20:00:00,32.70075,-3.79857,nm taoura,Eptesicus isabellinus,male
2009-08-15 20:00:00,32.70075,-3.79857,nm taoura,Eptesicus isabellinus,male
2009-08-15 20:00:00,32.70075,-3.79857,nm taoura,Eptesicus isabellinus,male
2009-08-15 20:00:00,32.70075,-3.79857,nm taoura,Eptesicus isabellinus,female
2009-08-15 20:00:00,32.70075,-3.79857,nm taoura,Eptesicus isabellinus,(indeterminate)
2009-08-15 20:00:00,32.70075,-3.79857,nm taoura,Eptesicus isabellinus,male
2009-08-15 20:00:00,32.70075,-3.79857,nm taoura,Eptesicus isabellinus,male
2009-08-10 19:00:00,32.13579,-3.04252,oued hirch,Eptesicus isabellinus,female
2009-08-04 19:00:00,32.56750,-1.95302,mine bouarfa,Plecotus teneriffae,male
2009-08-04 19:00:00,32.56750,-1.95302,mine bouarfa,Hypsugo savii,female
2009-08-04 19:00:00,32.56750,-1.95302,mine bouarfa,Plecotus teneriffae,male
2009-08-04 19:00:00,32.56750,-1.95302,mine bouarfa,Eptesicus isabellinus,male
2009-08-04 19:00:00,32.56750,-1.95302,mine bouarfa,Plecotus teneriffae,male
2009-08-04 19:00:00,32.56750,-1.95302,mine bouarfa,Plecotus teneriffae,female
2009-08-04 19:00:00,32.56750,-1.95302,mine bouarfa,Plecotus teneriffae,female
2009-08-04 19:00:00,32.56750,-1.95302,mine bouarfa,Plecotus teneriffae,female
2009-08-04 19:00:00,32.56750,-1.95302,mine bouarfa,Plecotus teneriffae,male
2009-08-07 00:00:00,32.98959,-4.49833,jorf sud ouchilas,Hypsugo savii,female
2009-08-07 00:00:00,32.98959,-4.49833,jorf sud ouchilas,Hypsugo savii,female
2009-08-18 19:00:00,32.20239,-1.94436,nm tanazara,Plecotus teneriffae,female
2009-08-18 19:00:00,32.20239,-1.94436,nm tanazara,Hypsugo savii,(indeterminate)
2009-08-18 19:00:00,32.20239,-1.94436,nm tanazara,Eptesicus isabellinus,(indeterminate)
2009-08-18 19:00:00,32.20239,-1.94436,nm tanazara,Eptesicus isabellinus,(indeterminate)
2009-08-18 19:00:00,32.20239,-1.94436,nm tanazara,Eptesicus isabellinus,(indeterminate)
2009-08-18 19:00:00,32.20239,-1.94436,nm tanazara,Eptesicus isabellinus,(indeterminate)
2009-08-18 19:00:00,32.20239,-1.94436,nm tanazara,Eptesicus isabellinus,(indeterminate)
2009-08-18 19:00:00,32.20239,-1.94436,nm tanazara,Eptesicus isabellinus,(indeterminate)
2009-08-18 19:00:00,32.20239,-1.94436,nm tanazara,Eptesicus isabellinus,(indeterminate)
2009-08-18 19:00:00,32.20239,-1.94436,nm tanazara,Eptesicus isabellinus,(indeterminate)
2009-08-18 19:00:00,32.20239,-1.94436,nm tanazara,Eptesicus isabellinus,(indeterminate)
2009-08-18 19:00:00,32.20239,-1.94436,nm tanazara,Eptesicus isabellinus,(indeterminate)
2009-08-18 19:00:00,32.20239,-1.94436,nm tanazara,Eptesicus isabellinus,(indeterminate)
2009-08-18 19:00:00,32.20239,-1.94436,nm tanazara,Eptesicus isabellinus,(indeterminate)
2009-08-18 19:00:00,32.20239,-1.94436,nm tanazara,Eptesicus isabellinus,(indeterminate)
2009-08-18 19:00:00,32.20239,-1.94436,nm tanazara,Eptesicus isabellinus,(indeterminate)
2009-08-18 19:00:00,32.20239,-1.94436,nm tanazara,Eptesicus isabellinus,(indeterminate)
2009-08-18 19:00:00,32.20239,-1.94436,nm tanazara,Eptesicus isabellinus,(indeterminate)
2009-08-18 19:00:00,32.20239,-1.94436,nm tanazara,Eptesicus isabellinus,(indeterminate)
2009-08-18 19:00:00,32.20239,-1.94436,nm tanazara,Eptesicus isabellinus,(indeterminate)
2009-08-18 19:00:00,32.20239,-1.94436,nm tanazara,Eptesicus isabellinus,(indeterminate)
2009-08-18 19:00:00,32.20239,-1.94436,nm tanazara,Eptesicus isabellinus,(indeterminate)
2009-08-18 19:00:00,32.20239,-1.94436,nm tanazara,Eptesicus isabellinus,(indeterminate)
2009-08-18 19:00:00,32.20239,-1.94436,nm tanazara,Eptesicus isabellinus,(indeterminate)
2009-08-18 19:00:00,32.20239,-1.94436,nm tanazara,Eptesicus isabellinus,female
2009-08-18 19:00:00,32.20239,-1.94436,nm tanazara,Eptesicus isabellinus,(indeterminate)
2009-08-18 19:00:00,32.20239,-1.94436,nm tanazara,Eptesicus isabellinus,(indeterminate)
2009-08-18 19:00:00,32.20239,-1.94436,nm tanazara,Eptesicus isabellinus,(indeterminate)
2009-08-18 19:00:00,32.20239,-1.94436,nm tanazara,Eptesicus isabellinus,(indeterminate)
2007-05-18 19:02:00,32.62223,-1.68698,mine klah,Plecotus teneriffae,female
2007-05-18 19:02:00,32.62223,-1.68698,mine klah,Plecotus teneriffae,female
2007-05-18 19:02:00,32.62223,-1.68698,mine klah,Plecotus teneriffae,female
2007-05-18 19:02:00,32.62223,-1.68698,mine klah,Plecotus teneriffae,male
2007-05-18 19:02:00,32.62223,-1.68698,mine klah,Plecotus teneriffae,female
2007-05-18 19:02:00,32.62223,-1.68698,mine klah,Plecotus teneriffae,female
2007-05-18 19:02:00,32.62223,-1.68698,mine klah,Plecotus teneriffae,female
2007-05-18 19:02:00,32.62223,-1.68698,mine klah,Plecotus teneriffae,female
2007-05-18 19:02:00,32.62223,-1.68698,mine klah,Plecotus teneriffae,female
2007-05-18 19:02:00,32.62223,-1.68698,mine klah,Plecotus teneriffae,female
2007-05-18 19:02:00,32.62223,-1.68698,mine klah,Plecotus teneriffae,female
2007-05-18 19:02:00,32.62223,-1.68698,mine klah,Plecotus teneriffae,male
2007-05-18 19:02:00,32.62223,-1.68698,mine klah,Plecotus teneriffae,male
2007-05-18 19:02:00,32.62223,-1.68698,mine klah,Plecotus teneriffae,male
2007-05-18 19:02:00,32.62223,-1.68698,mine klah,Plecotus teneriffae,female
2007-05-18 19:02:00,32.62223,-1.68698,mine klah,Plecotus teneriffae,female
2007-05-18 19:02:00,32.62223,-1.68698,mine klah,Plecotus teneriffae,male
2007-05-18 19:02:00,32.62223,-1.68698,mine klah,Plecotus teneriffae,female
2007-05-18 19:02:00,32.62223,-1.68698,mine klah,Plecotus teneriffae,female
2007-05-18 19:02:00,32.62223,-1.68698,mine klah,Plecotus teneriffae,female
2007-05-18 19:02:00,32.62223,-1.68698,mine klah,Plecotus teneriffae,female
2007-05-18 19:02:00,32.62223,-1.68698,mine klah,Plecotus teneriffae,male
2007-05-18 19:02:00,32.62223,-1.68698,mine klah,Plecotus teneriffae,female
2007-05-18 19:02:00,32.62223,-1.68698,mine klah,Plecotus teneriffae,male
2007-05-18 19:02:00,32.62223,-1.68698,mine klah,Plecotus teneriffae,male
2007-05-18 19:02:00,32.62223,-1.68698,mine klah,Plecotus teneriffae,male
2007-05-18 19:02:00,32.62223,-1.68698,mine klah,Plecotus teneriffae,female
2007-05-18 19:02:00,32.62223,-1.68698,mine klah,Plecotus teneriffae,female
2007-07-23 19:15:00,32.37791,-3.14635,nm tlamt,Eptesicus isabellinus,female
2009-06-26 19:30:00,33.56908,-3.77369,Nm tachourouint,Eptesicus isabellinus,(indeterminate)
2009-06-26 19:30:00,33.56908,-3.77369,Nm tachourouint,Hypsugo savii,female
2009-07-07 20:15:00,32.79039,-3.53284,nm leuh,Eptesicus isabellinus,female
2009-07-07 20:15:00,32.79039,-3.53284,nm leuh,Eptesicus isabellinus,male
2009-07-07 20:15:00,32.79039,-3.53284,nm leuh,Eptesicus isabellinus,male
2009-07-07 20:15:00,32.79039,-3.53284,nm leuh,Eptesicus isabellinus,male
2009-07-07 20:15:00,32.79039,-3.53284,nm leuh,Eptesicus isabellinus,male
2009-07-07 20:15:00,32.79039,-3.53284,nm leuh,Eptesicus isabellinus,female
2009-07-07 20:15:00,32.79039,-3.53284,nm leuh,Hypsugo savii,female
2009-07-07 20:15:00,32.79039,-3.53284,nm leuh,Eptesicus isabellinus,female
2009-07-07 20:15:00,32.79039,-3.53284,nm leuh,Eptesicus isabellinus,male
2009-07-07 20:15:00,32.79039,-3.53284,nm leuh,Eptesicus isabellinus,female
2009-07-07 20:15:00,32.79039,-3.53284,nm leuh,Eptesicus isabellinus,male
2009-07-07 20:15:00,32.79039,-3.53284,nm leuh,Eptesicus isabellinus,male
2009-07-13 21:00:00,32.86282,-3.00345,nm leehmyda,Eptesicus isabellinus,female
2009-07-13 21:00:00,32.86282,-3.00345,nm leehmyda,Eptesicus isabellinus,female
2009-07-13 21:00:00,32.86282,-3.00345,nm leehmyda,Eptesicus isabellinus,female
2009-07-13 21:00:00,32.86282,-3.00345,nm leehmyda,Eptesicus isabellinus,male
2009-07-13 21:00:00,32.86282,-3.00345,nm leehmyda,Eptesicus isabellinus,female
2009-07-13 21:00:00,32.86282,-3.00345,nm leehmyda,Eptesicus isabellinus,male
2009-07-13 21:00:00,32.86282,-3.00345,nm leehmyda,Eptesicus isabellinus,(indeterminate)
2009-07-13 21:00:00,32.86282,-3.00345,nm leehmyda,Eptesicus isabellinus,male
2009-07-13 21:00:00,32.86282,-3.00345,nm leehmyda,Eptesicus isabellinus,male
2009-07-13 21:00:00,32.86282,-3.00345,nm leehmyda,Eptesicus isabellinus,male
2009-07-13 21:00:00,32.86282,-3.00345,nm leehmyda,Eptesicus isabellinus,male
2009-07-13 21:00:00,32.86282,-3.00345,nm leehmyda,Eptesicus isabellinus,male
2009-07-13 21:00:00,32.86282,-3.00345,nm leehmyda,Eptesicus isabellinus,male
2009-07-13 21:00:00,32.86282,-3.00345,nm leehmyda,Eptesicus isabellinus,male
2009-07-13 21:00:00,32.86282,-3.00345,nm leehmyda,Eptesicus isabellinus,male
2009-07-13 21:00:00,32.86282,-3.00345,nm leehmyda,Eptesicus isabellinus,male
2009-07-13 21:00:00,32.86282,-3.00345,nm leehmyda,Hypsugo savii,female
2009-07-13 21:00:00,32.86282,-3.00345,nm leehmyda,Eptesicus isabellinus,male
2009-07-13 21:00:00,32.86282,-3.00345,nm leehmyda,Eptesicus isabellinus,female
2007-07-18 00:00:00,32.61308,-2.29591,,Eptesicus isabellinus,(indeterminate)
2007-07-18 00:00:00,32.61308,-2.29591,,Eptesicus isabellinus,female
2007-07-18 00:00:00,32.61308,-2.29591,,Eptesicus isabellinus,female
2007-07-18 00:00:00,32.61308,-2.29591,,Eptesicus isabellinus,female
2007-07-18 00:00:00,32.61308,-2.29591,,Eptesicus isabellinus,female
2007-07-18 00:00:00,32.61308,-2.29591,,Eptesicus isabellinus,male
2007-07-18 00:00:00,32.61308,-2.29591,,Eptesicus isabellinus,male
2007-07-18 00:00:00,32.61308,-2.29591,,Eptesicus isabellinus,male
2007-07-18 00:00:00,32.61308,-2.29591,,Eptesicus isabellinus,male
2007-07-18 00:00:00,32.61308,-2.29591,,Eptesicus isabellinus,female
2007-07-18 00:00:00,32.61308,-2.29591,,Eptesicus isabellinus,female
2011-08-10 00:00:01,30.45420,-6.95883,nm amazigh,Eptesicus isabellinus,male
2012-08-02 19:00:00,33.96965,-3.03957,kehf sbaa,Eptesicus isabellinus,female
2012-08-02 19:00:00,33.96965,-3.03957,kehf sbaa,Eptesicus isabellinus,female
2012-08-02 19:00:00,33.96965,-3.03957,kehf sbaa,Eptesicus isabellinus,male
2012-08-07 19:00:00,32.96439,-4.70761,nm khokhat,Tadarida teniotis,female
2012-08-07 19:00:00,32.96439,-4.70761,nm khokhat,Hypsugo savii,female
2012-08-07 19:00:00,32.96439,-4.70761,nm khokhat,Hypsugo savii,female
2012-07-24 19:00:00,32.34180,-3.09919,oued moguir,Eptesicus isabellinus,male
2012-07-24 19:00:00,32.34180,-3.09919,oued moguir,Eptesicus isabellinus,female
2013-07-02 19:00:00,33.85243,-3.10261,kehf zhidat lamaalmine,Rhinolophus blasii,male
2013-07-02 19:00:00,33.85243,-3.10261,kehf zhidat lamaalmine,Rhinolophus blasii,male
2013-07-02 19:00:00,33.85243,-3.10261,kehf zhidat lamaalmine,Rhinolophus blasii,male
2013-07-27 19:30:00,33.65024,-4.16265,,Plecotus teneriffae,female
2013-07-27 19:30:00,33.65024,-4.16265,,Plecotus teneriffae,female
2013-07-28 00:00:01,33.65024,-4.16265,,Plecotus teneriffae,male
2013-07-28 00:00:01,33.65024,-4.16265,,Myotis mystacinus,male
2009-08-18 19:00:00,32.20239,-1.94436,nm tanazara,Eptesicus isabellinus,(indeterminate)
2009-08-18 19:00:00,32.20239,-1.94436,nm tanazara,Eptesicus isabellinus,(indeterminate)
2009-08-18 19:00:00,32.20239,-1.94436,nm tanazara,Eptesicus isabellinus,(indeterminate)
2009-08-18 19:00:00,32.20239,-1.94436,nm tanazara,Eptesicus isabellinus,(indeterminate)
2009-08-18 19:00:00,32.20239,-1.94436,nm tanazara,Eptesicus isabellinus,(indeterminate)
2009-08-18 19:00:00,32.20239,-1.94436,nm tanazara,Eptesicus isabellinus,(indeterminate)
2009-08-18 19:00:00,32.20239,-1.94436,nm tanazara,Eptesicus isabellinus,(indeterminate)
2009-08-18 19:00:00,32.20239,-1.94436,nm tanazara,Eptesicus isabellinus,(indeterminate)
2009-09-04 00:00:00,32.64283,-3.85950,kehf ksar el kaf,Eptesicus isabellinus,male
2009-09-04 00:00:00,32.64283,-3.85950,kehf ksar el kaf,Hypsugo savii,male
2009-09-04 00:00:00,32.64283,-3.85950,kehf ksar el kaf,Hypsugo savii,male
2009-09-04 00:00:00,32.64283,-3.85950,kehf ksar el kaf,Hypsugo savii,female
2009-09-04 00:00:00,32.64283,-3.85950,kehf ksar el kaf,Hypsugo savii,female
2009-09-04 00:00:00,32.64283,-3.85950,kehf ksar el kaf,Eptesicus isabellinus,male
2009-09-04 00:00:00,32.64283,-3.85950,kehf ksar el kaf,Hypsugo savii,male
2009-09-04 00:00:00,32.64283,-3.85950,kehf ksar el kaf,Hypsugo savii,female
2009-09-04 00:00:00,32.64283,-3.85950,kehf ksar el kaf,Hypsugo savii,female
2009-09-04 00:00:00,32.64283,-3.85950,kehf ksar el kaf,Hypsugo savii,female
2009-09-04 00:00:00,32.64283,-3.85950,kehf ksar el kaf,Hypsugo savii,female
2009-09-03 19:30:00,32.64283,-3.85950,kehf ksar el kaf,Plecotus teneriffae,male
2009-09-03 19:30:00,32.64283,-3.85950,kehf ksar el kaf,Hypsugo savii,female
2009-09-03 19:30:00,32.64283,-3.85950,kehf ksar el kaf,Eptesicus isabellinus,male
2009-09-03 19:30:00,32.64283,-3.85950,kehf ksar el kaf,Plecotus teneriffae,male
2008-07-11 00:00:00,32.98319,-3.88893,,Tadarida teniotis,male
2011-08-15 00:00:01,29.72124,-7.65661,,Asellia tridens,female
2011-08-11 00:00:01,29.87512,-6.71120,nm loumkil,Eptesicus isabellinus,female
2013-07-24 19:30:00,32.59446,-4.19636,mine iwodi,Eptesicus isabellinus,male
2013-07-30 00:00:01,33.65024,-4.16265,,Plecotus teneriffae,female
2013-07-30 00:00:01,33.65024,-4.16265,,Myotis mystacinus,female
2013-07-30 00:00:01,33.65024,-4.16265,,Nyctalus leisler,male
2013-07-30 00:00:01,33.65024,-4.16265,,Nyctalus leisler,female
2009-07-13 21:00:00,32.86282,-3.00345,nm leehmyda,Eptesicus isabellinus,male
2009-07-13 21:00:00,32.86282,-3.00345,nm leehmyda,Plecotus teneriffae,male
2009-07-13 21:00:00,32.86282,-3.00345,nm leehmyda,Eptesicus isabellinus,(indeterminate)
2009-07-31 00:00:00,33.96965,-3.03957,kehf sbaa,Hypsugo savii,male
2009-08-08 19:09:00,33.14326,-4.30833,oued chouf sherg borj,Tadarida teniotis,female
2009-08-08 19:09:00,33.14326,-4.30833,oued chouf sherg borj,Tadarida teniotis,female
2009-08-08 19:09:00,33.14326,-4.30833,oued chouf sherg borj,Tadarida teniotis,male
2009-08-08 19:09:00,33.14326,-4.30833,oued chouf sherg borj,Tadarida teniotis,female
2009-08-08 19:09:00,33.14326,-4.30833,oued chouf sherg borj,Tadarida teniotis,male
2009-08-08 19:09:00,33.14326,-4.30833,oued chouf sherg borj,Tadarida teniotis,female
2009-08-08 19:09:00,33.14326,-4.30833,oued chouf sherg borj,Tadarida teniotis,male
2009-08-08 19:09:00,33.14326,-4.30833,oued chouf sherg borj,Eptesicus isabellinus,female
2009-08-08 19:09:00,33.14326,-4.30833,oued chouf sherg borj,Tadarida teniotis,male
2009-07-23 19:00:00,32.65052,-4.21610,mine aujargha,Plecotus teneriffae,male
2009-07-23 19:00:00,32.65052,-4.21610,mine aujargha,Plecotus teneriffae,male
2009-07-23 19:00:00,32.65052,-4.21610,mine aujargha,Plecotus teneriffae,male
2009-08-06 19:00:00,32.98959,-4.49833,jorf sud ouchilas,Hypsugo savii,female
2009-08-06 19:00:00,32.98959,-4.49833,jorf sud ouchilas,Eptesicus isabellinus,female
2009-08-06 19:00:00,32.98959,-4.49833,jorf sud ouchilas,Eptesicus isabellinus,male
2009-08-19 19:00:00,32.80970,-1.67328,nm chott tigri,Eptesicus isabellinus,(indeterminate)
2009-08-19 19:00:00,32.80970,-1.67328,nm chott tigri,Plecotus teneriffae,male
2009-08-19 19:00:00,32.80970,-1.67328,nm chott tigri,Eptesicus isabellinus,(indeterminate)
2009-08-19 19:00:00,32.80970,-1.67328,nm chott tigri,Eptesicus isabellinus,male
2009-08-19 19:00:00,32.80970,-1.67328,nm chott tigri,Eptesicus isabellinus,(indeterminate)
2009-08-19 19:00:00,32.80970,-1.67328,nm chott tigri,Plecotus teneriffae,male
2009-08-19 19:00:00,32.80970,-1.67328,nm chott tigri,Plecotus teneriffae,female
2009-08-19 19:00:00,32.80970,-1.67328,nm chott tigri,Plecotus teneriffae,female
2009-08-19 19:00:00,32.80970,-1.67328,nm chott tigri,Eptesicus isabellinus,female
2009-08-19 19:00:00,32.80970,-1.67328,nm chott tigri,Plecotus teneriffae,female
2009-08-19 19:00:00,32.80970,-1.67328,nm chott tigri,Plecotus teneriffae,male
2009-08-19 19:00:00,32.80970,-1.67328,nm chott tigri,Eptesicus isabellinus,female
2009-08-19 19:00:00,32.80970,-1.67328,nm chott tigri,Eptesicus isabellinus,(indeterminate)
2009-08-19 19:00:00,32.80970,-1.67328,nm chott tigri,Eptesicus isabellinus,(indeterminate)
2009-08-19 19:00:00,32.80970,-1.67328,nm chott tigri,Eptesicus isabellinus,(indeterminate)
2009-08-19 19:00:00,32.80970,-1.67328,nm chott tigri,Plecotus teneriffae,female
2009-08-19 19:00:00,32.80970,-1.67328,nm chott tigri,Plecotus teneriffae,male
2009-08-19 19:00:00,32.80970,-1.67328,nm chott tigri,Plecotus teneriffae,(indeterminate)
2009-08-19 19:00:00,32.80970,-1.67328,nm chott tigri,Hypsugo savii,female
2009-08-19 19:00:00,32.80970,-1.67328,nm chott tigri,Asellia tridens,male
2009-08-19 19:00:00,32.80970,-1.67328,nm chott tigri,Eptesicus isabellinus,female
2009-08-19 19:00:00,32.80970,-1.67328,nm chott tigri,Plecotus teneriffae,male
2009-08-31 19:00:00,32.40584,-1.96477,kehf galb nhasse,Eptesicus isabellinus,female
2009-08-31 19:00:00,32.40584,-1.96477,kehf galb nhasse,Eptesicus isabellinus,female
2009-08-31 19:00:00,32.40584,-1.96477,kehf galb nhasse,Eptesicus isabellinus,female
2009-08-31 19:00:00,32.40584,-1.96477,kehf galb nhasse,Eptesicus isabellinus,female
2009-08-31 19:00:00,32.40584,-1.96477,kehf galb nhasse,Eptesicus isabellinus,female
2009-08-31 19:00:00,32.40584,-1.96477,kehf galb nhasse,Eptesicus isabellinus,female
2009-08-31 19:00:00,32.40584,-1.96477,kehf galb nhasse,Plecotus teneriffae,male
2009-08-31 19:00:00,32.40584,-1.96477,kehf galb nhasse,Eptesicus isabellinus,female
2009-09-01 00:00:00,32.40584,-1.96477,kehf galb nhasse,Eptesicus isabellinus,female
2009-09-01 00:00:00,32.40584,-1.96477,kehf galb nhasse,Eptesicus isabellinus,female
2011-08-17 19:00:00,29.70845,-7.99699,nm taghla,Eptesicus isabellinus,male
2012-08-11 19:00:00,33.54316,-3.90921,kehf jnoun,Plecotus teneriffae,female
2012-08-11 19:00:00,33.54316,-3.90921,kehf jnoun,Plecotus teneriffae,female
2012-08-11 19:00:00,33.54316,-3.90921,kehf jnoun,Plecotus teneriffae,female
2012-08-12 00:01:00,33.54316,-3.90921,kehf jnoun,Plecotus teneriffae,female
2012-08-12 00:01:00,33.54316,-3.90921,kehf jnoun,Plecotus teneriffae,female
2012-08-12 00:01:00,33.54316,-3.90921,kehf jnoun,Plecotus teneriffae,male
2012-08-12 00:01:00,33.54316,-3.90921,kehf jnoun,Plecotus teneriffae,female
2007-09-06 18:27:00,32.71686,-3.61896,mine merija,Plecotus teneriffae,male
2007-09-18 18:10:00,32.37817,-1.39382,nm melha,Eptesicus isabellinus,female
2007-09-18 18:10:00,32.37817,-1.39382,nm melha,Plecotus teneriffae,female
2007-07-01 00:00:01,32.39199,-2.46646,kehf hazma,Hypsugo savii,male
2007-07-01 00:00:01,32.39199,-2.46646,kehf hazma,Rhinopoma hardwickei,male
2007-06-16 19:19:00,33.36258,-4.01554,kehf iselfen,Plecotus teneriffae,male
2007-06-16 19:19:00,33.36258,-4.01554,kehf iselfen,Eptesicus isabellinus,male
2007-06-16 19:19:00,33.36258,-4.01554,kehf iselfen,Plecotus teneriffae,male
2007-06-17 00:00:00,33.36258,-4.01554,kehf iselfen,Eptesicus isabellinus,male
2007-06-17 00:00:00,33.36258,-4.01554,kehf iselfen,Plecotus teneriffae,male
2007-06-17 00:00:00,33.36258,-4.01554,kehf iselfen,Plecotus teneriffae,male
2007-06-17 00:00:00,33.36258,-4.01554,kehf iselfen,Plecotus teneriffae,male
2008-06-10 19:17:00,32.25056,-2.52847,nm mengoub,Eptesicus isabellinus,female
2008-06-10 19:17:00,32.25056,-2.52847,nm mengoub,Eptesicus isabellinus,female
2008-06-10 19:17:00,32.25056,-2.52847,nm mengoub,Eptesicus isabellinus,female
2008-06-10 19:17:00,32.25056,-2.52847,nm mengoub,Eptesicus isabellinus,female
2008-06-10 19:17:00,32.25056,-2.52847,nm mengoub,Hypsugo savii,female
2008-06-10 19:17:00,32.25056,-2.52847,nm mengoub,Eptesicus isabellinus,female
2008-06-10 19:17:00,32.25056,-2.52847,nm mengoub,Eptesicus isabellinus,female
2008-06-10 19:17:00,32.25056,-2.52847,nm mengoub,Eptesicus isabellinus,female
2007-05-29 19:10:00,32.59219,-2.53814,nm ain arak,Eptesicus isabellinus,male
2007-05-29 19:10:00,32.59219,-2.53814,nm ain arak,Eptesicus isabellinus,male
2008-08-18 18:52:00,32.91435,-3.35805,oued kaddou,Eptesicus isabellinus,female
2008-08-18 18:52:00,32.91435,-3.35805,oued kaddou,Eptesicus isabellinus,male
2008-08-18 18:52:00,32.91435,-3.35805,oued kaddou,Eptesicus isabellinus,female
2008-08-18 18:52:00,32.91435,-3.35805,oued kaddou,Hypsugo savii,female
2008-08-18 18:52:00,32.91435,-3.35805,oued kaddou,Myotis nattereri,male
2007-05-17 19:01:00,32.61308,-2.29591,nm n'sissa,Eptesicus isabellinus,female
2007-05-17 19:01:00,32.61308,-2.29591,nm n'sissa,Eptesicus isabellinus,female
2007-05-17 19:01:00,32.61308,-2.29591,nm n'sissa,Eptesicus isabellinus,male
2007-05-16 19:01:00,32.28452,-2.45582,kehf mengoub2,Rhinopoma hardwickei,female
2007-05-16 19:01:00,32.28452,-2.45582,kehf mengoub2,Rhinopoma hardwickei,female
2007-05-16 19:01:00,32.28452,-2.45582,kehf mengoub2,Rhinopoma hardwickei,female
2007-05-16 19:01:00,32.28452,-2.45582,kehf mengoub2,Rhinopoma hardwickei,female
2007-05-16 19:01:00,32.28452,-2.45582,kehf mengoub2,Rhinopoma hardwickei,female
2007-05-16 19:01:00,32.28452,-2.45582,kehf mengoub2,Rhinopoma hardwickei,female
2007-05-16 19:01:00,32.28452,-2.45582,kehf mengoub2,Rhinopoma hardwickei,female
2007-05-16 19:01:00,32.28452,-2.45582,kehf mengoub2,Rhinopoma hardwickei,female
2007-05-16 19:01:00,32.28452,-2.45582,kehf mengoub2,Rhinopoma microphyllum,male
2007-05-16 19:01:00,32.28452,-2.45582,kehf mengoub2,Rhinopoma hardwickei,female
2007-05-16 19:01:00,32.28452,-2.45582,kehf mengoub2,Rhinopoma hardwickei,female
2009-07-08 00:00:00,32.79039,-3.53284,nm leuh,Eptesicus isabellinus,male
2009-07-08 00:00:00,32.79039,-3.53284,nm leuh,Eptesicus isabellinus,male
2009-07-08 00:00:00,32.79039,-3.53284,nm leuh,Hypsugo savii,female
2009-07-08 00:00:00,32.79039,-3.53284,nm leuh,Eptesicus isabellinus,male
2009-07-08 00:00:00,32.79039,-3.53284,nm leuh,Eptesicus isabellinus,male
2009-07-08 00:00:00,32.79039,-3.53284,nm leuh,Eptesicus isabellinus,male
2009-07-08 00:00:00,32.79039,-3.53284,nm leuh,Hypsugo savii,female
2009-08-16 00:00:00,32.70075,-3.79857,nm taoura,Tadarida teniotis,female
2009-08-16 00:00:00,32.70075,-3.79857,nm taoura,Eptesicus isabellinus,female
2009-08-16 00:00:00,32.70075,-3.79857,nm taoura,Tadarida teniotis,female
2009-08-16 00:00:00,32.70075,-3.79857,nm taoura,Hypsugo savii,female
2009-08-03 19:00:00,32.51506,-1.00983,nm ich,Eptesicus isabellinus,male
2009-08-03 19:00:00,32.51506,-1.00983,nm ich,Eptesicus isabellinus,male
2009-08-03 19:00:00,32.51506,-1.00983,nm ich,Eptesicus isabellinus,male
2009-08-03 19:00:00,32.51506,-1.00983,nm ich,Eptesicus isabellinus,male
2009-08-03 19:00:00,32.51506,-1.00983,nm ich,Eptesicus isabellinus,male
2009-08-03 19:00:00,32.51506,-1.00983,nm ich,Eptesicus isabellinus,male
2009-08-03 19:00:00,32.51506,-1.00983,nm ich,Hypsugo savii,male
2009-08-03 19:00:00,32.51506,-1.00983,nm ich,Eptesicus isabellinus,male
2009-08-03 19:00:00,32.51506,-1.00983,nm ich,Eptesicus isabellinus,female
2009-08-03 19:00:00,32.51506,-1.00983,nm ich,Eptesicus isabellinus,female
2009-08-03 19:00:00,32.51506,-1.00983,nm ich,Eptesicus isabellinus,female
2009-08-03 19:00:00,32.51506,-1.00983,nm ich,Eptesicus isabellinus,male
2009-08-03 19:00:00,32.51506,-1.00983,nm ich,Eptesicus isabellinus,female
2009-08-03 19:00:00,32.51506,-1.00983,nm ich,Eptesicus isabellinus,female
2009-08-03 19:00:00,32.51506,-1.00983,nm ich,Eptesicus isabellinus,male
2009-08-03 19:00:00,32.51506,-1.00983,nm ich,Eptesicus isabellinus,female
2009-08-03 19:00:00,32.51506,-1.00983,nm ich,Eptesicus isabellinus,female
2009-08-03 19:00:00,32.51506,-1.00983,nm ich,Eptesicus isabellinus,male
2009-08-03 19:00:00,32.51506,-1.00983,nm ich,Eptesicus isabellinus,female
2009-08-03 19:00:00,32.51506,-1.00983,nm ich,Eptesicus isabellinus,female
2009-08-03 19:00:00,32.51506,-1.00983,nm ich,Eptesicus isabellinus,male
2009-08-03 19:00:00,32.51506,-1.00983,nm ich,Eptesicus isabellinus,male
2009-08-03 19:00:00,32.51506,-1.00983,nm ich,Eptesicus isabellinus,male
2009-08-03 19:00:00,32.51506,-1.00983,nm ich,Eptesicus isabellinus,male
2009-08-03 19:00:00,32.51506,-1.00983,nm ich,Eptesicus isabellinus,female
2009-08-03 19:00:00,32.51506,-1.00983,nm ich,Eptesicus isabellinus,female
2009-08-03 19:00:00,32.51506,-1.00983,nm ich,Eptesicus isabellinus,male
2009-08-03 19:00:00,32.51506,-1.00983,nm ich,Eptesicus isabellinus,male
2009-08-03 19:00:00,32.51506,-1.00983,nm ich,Eptesicus isabellinus,male
2009-08-03 19:00:00,32.51506,-1.00983,nm ich,Eptesicus isabellinus,female
2009-08-03 19:00:00,32.51506,-1.00983,nm ich,Eptesicus isabellinus,male
2009-08-03 19:00:00,32.51506,-1.00983,nm ich,Eptesicus isabellinus,female
2009-08-03 19:00:00,32.51506,-1.00983,nm ich,Eptesicus isabellinus,male
2009-08-03 19:00:00,32.51506,-1.00983,nm ich,Eptesicus isabellinus,male
2009-08-03 19:00:00,32.51506,-1.00983,nm ich,Asellia tridens,male
2009-08-03 19:00:00,32.51506,-1.00983,nm ich,Eptesicus isabellinus,female
2009-08-03 19:00:00,32.51506,-1.00983,nm ich,Eptesicus isabellinus,female
2009-08-03 19:00:00,32.51506,-1.00983,nm ich,Eptesicus isabellinus,female
2009-08-03 19:00:00,32.51506,-1.00983,nm ich,Eptesicus isabellinus,female
2009-08-03 19:00:00,32.51506,-1.00983,nm ich,Eptesicus isabellinus,male
2009-08-03 19:00:00,32.51506,-1.00983,nm ich,Eptesicus isabellinus,female
2009-08-03 19:00:00,32.51506,-1.00983,nm ich,Eptesicus isabellinus,male
2009-08-03 19:00:00,32.51506,-1.00983,nm ich,Eptesicus isabellinus,male
2009-08-03 19:00:00,32.51506,-1.00983,nm ich,Eptesicus isabellinus,female
2009-08-03 19:00:00,32.51506,-1.00983,nm ich,Eptesicus isabellinus,male
2009-08-03 19:00:00,32.51506,-1.00983,nm ich,Eptesicus isabellinus,female
2009-08-03 19:00:00,32.51506,-1.00983,nm ich,Eptesicus isabellinus,male
2009-08-03 19:00:00,32.51506,-1.00983,nm ich,Eptesicus isabellinus,female
2009-08-03 19:00:00,32.51506,-1.00983,nm ich,Eptesicus isabellinus,male
2009-08-03 19:00:00,32.51506,-1.00983,nm ich,Asellia tridens,male
2009-08-20 00:00:00,32.80970,-1.67328,nm chott tigri,Plecotus teneriffae,(indeterminate)
2009-08-20 00:00:00,32.80970,-1.67328,nm chott tigri,Plecotus teneriffae,(indeterminate)
2009-08-20 00:00:00,32.80970,-1.67328,nm chott tigri,Plecotus teneriffae,(indeterminate)
2009-08-20 00:00:00,32.80970,-1.67328,nm chott tigri,Plecotus teneriffae,(indeterminate)
2009-08-20 00:00:00,32.80970,-1.67328,nm chott tigri,Plecotus teneriffae,(indeterminate)
2009-08-20 00:00:00,32.80970,-1.67328,nm chott tigri,Plecotus teneriffae,(indeterminate)
2009-08-31 19:00:00,33.56919,-3.77324,kehf tachourouint,Plecotus teneriffae,male
2009-08-31 19:00:00,33.56919,-3.77324,kehf tachourouint,Plecotus teneriffae,female
2009-08-20 19:00:00,33.99922,-2.06979,oued berguem,Eptesicus isabellinus,male
2009-08-25 19:00:00,32.32772,-2.80664,nm jbel qob,Eptesicus isabellinus,female
2009-08-25 19:00:00,32.32772,-2.80664,nm jbel qob,Eptesicus isabellinus,male
2009-08-25 19:00:00,32.32772,-2.80664,nm jbel qob,Tadarida teniotis,male
2009-08-25 19:00:00,32.32772,-2.80664,nm jbel qob,Tadarida teniotis,(indeterminate)
2009-08-25 19:00:00,32.32772,-2.80664,nm jbel qob,Tadarida teniotis,(indeterminate)
2009-08-25 19:00:00,32.32772,-2.80664,nm jbel qob,Tadarida teniotis,(indeterminate)
2009-08-25 19:00:00,32.32772,-2.80664,nm jbel qob,Tadarida teniotis,male
2009-08-25 19:00:00,32.32772,-2.80664,nm jbel qob,Tadarida teniotis,male
2009-08-26 00:00:00,32.32772,-2.80664,nm jbel qob,Tadarida teniotis,male
2009-08-26 00:00:00,32.32772,-2.80664,nm jbel qob,Tadarida teniotis,male
2009-08-26 00:00:00,32.32772,-2.80664,nm jbel qob,Tadarida teniotis,female
2009-08-26 00:00:00,32.32772,-2.80664,nm jbel qob,Tadarida teniotis,male
2009-08-26 00:00:00,32.32772,-2.80664,nm jbel qob,Tadarida teniotis,male
2009-08-26 00:00:00,32.32772,-2.80664,nm jbel qob,Tadarida teniotis,female
2009-08-26 00:00:00,32.32772,-2.80664,nm jbel qob,Tadarida teniotis,female
2009-08-26 00:00:00,32.32772,-2.80664,nm jbel qob,Eptesicus isabellinus,female
2009-08-26 00:00:00,32.32772,-2.80664,nm jbel qob,Eptesicus isabellinus,male
2009-08-26 00:00:00,32.32772,-2.80664,nm jbel qob,Tadarida teniotis,female
2009-08-26 00:00:00,32.32772,-2.80664,nm jbel qob,Tadarida teniotis,male
2009-08-26 00:00:00,32.32772,-2.80664,nm jbel qob,Tadarida teniotis,female
2009-08-26 00:00:00,32.32772,-2.80664,nm jbel qob,Tadarida teniotis,male
2008-07-10 20:45:00,32.98139,-3.88893,nm tidarine,Hypsugo savii,male
2008-07-10 20:45:00,32.98139,-3.88893,nm tidarine,Eptesicus isabellinus,male
2007-05-18 00:00:00,32.61308,-2.29591,nm n'sissa,Eptesicus isabellinus,male
2007-05-18 00:00:00,32.61308,-2.29591,nm n'sissa,Eptesicus isabellinus,male
2010-09-21 18:30:00,32.27808,-2.02152,kehf adbaba,Rhinopoma hardwickei,male
2010-09-21 18:30:00,32.27808,-2.02152,kehf adbaba,Plecotus teneriffae,female
2010-09-21 18:30:00,32.27808,-2.02152,kehf adbaba,Plecotus teneriffae,male
2010-09-21 18:30:00,32.27808,-2.02152,kehf adbaba,Rhinopoma hardwickei,male
2010-09-21 18:30:00,32.27808,-2.02152,kehf adbaba,Rhinopoma hardwickei,male
2010-09-21 18:30:00,32.27808,-2.02152,kehf adbaba,Plecotus teneriffae,male
2010-09-22 00:00:00,32.27808,-2.02152,kehf adbaba,Rhinopoma hardwickei,male
2010-09-22 00:00:00,32.27808,-2.02152,kehf adbaba,Rhinopoma hardwickei,male
2011-05-31 18:52:00,29.72124,-7.65661,nm boulaaraiche,Eptesicus isabellinus,female
2011-08-15 19:00:00,29.49452,-8.00029,nm Tiggane,Asellia tridens,male
2011-08-15 19:00:00,29.49452,-8.00029,nm Tiggane,Asellia tridens,male
2011-08-16 19:00:00,29.81277,-7.98925,,Rhinopoma microphyllum,female
2011-08-17 00:00:01,29.81277,-7.98925,,Rhinopoma microphyllum,female
2011-08-17 00:00:01,29.81277,-7.98925,,Rhinopoma microphyllum,female
2011-08-12 19:00:00,29.96985,-7.34755,nm timjerjt,Asellia tridens,female
2012-07-17 19:00:00,32.91435,-3.35805,oued kaddou,Eptesicus isabellinus,female
2012-07-17 19:00:00,32.91435,-3.35805,oued kaddou,Eptesicus isabellinus,female
2012-07-17 19:00:00,32.91435,-3.35805,oued kaddou,Eptesicus isabellinus,female
2012-07-17 19:00:00,32.91435,-3.35805,oued kaddou,Eptesicus isabellinus,female
2012-07-17 19:00:00,32.91435,-3.35805,oued kaddou,Eptesicus isabellinus,female
2012-07-17 19:00:00,32.91435,-3.35805,oued kaddou,Eptesicus isabellinus,female
2012-07-17 19:00:00,32.91435,-3.35805,oued kaddou,Eptesicus isabellinus,male
2012-07-17 19:00:00,32.91435,-3.35805,oued kaddou,Eptesicus isabellinus,male
2012-07-17 19:00:00,32.91435,-3.35805,oued kaddou,Eptesicus isabellinus,female
2012-07-17 19:00:00,32.91435,-3.35805,oued kaddou,Eptesicus isabellinus,female
2012-07-17 19:00:00,32.91435,-3.35805,oued kaddou,Eptesicus isabellinus,female
2012-07-17 19:00:00,32.91435,-3.35805,oued kaddou,Eptesicus isabellinus,male
2012-07-17 19:00:00,32.91435,-3.35805,oued kaddou,Eptesicus isabellinus,female
2012-07-17 19:00:00,32.91435,-3.35805,oued kaddou,Eptesicus isabellinus,female
2012-07-17 19:00:00,32.91435,-3.35805,oued kaddou,Eptesicus isabellinus,female
2012-07-17 19:00:00,32.91435,-3.35805,oued kaddou,Eptesicus isabellinus,male
2012-07-17 19:00:00,32.91435,-3.35805,oued kaddou,Eptesicus isabellinus,female
2012-07-17 19:00:00,32.91435,-3.35805,oued kaddou,Eptesicus isabellinus,female
2012-07-18 00:01:00,32.91435,-3.35805,oued kaddou,Eptesicus isabellinus,female
2012-07-18 00:01:00,32.91435,-3.35805,oued kaddou,Eptesicus isabellinus,female
2012-07-18 00:01:00,32.91435,-3.35805,oued kaddou,Eptesicus isabellinus,female
2012-07-18 00:01:00,32.91435,-3.35805,oued kaddou,Eptesicus isabellinus,female
2012-07-18 00:01:00,32.91435,-3.35805,oued kaddou,Eptesicus isabellinus,female
2012-07-18 00:01:00,32.91435,-3.35805,oued kaddou,Tadarida teniotis,male
2012-07-18 00:01:00,32.91435,-3.35805,oued kaddou,Eptesicus isabellinus,male
2012-07-18 00:01:00,32.91435,-3.35805,oued kaddou,Eptesicus isabellinus,female
2012-07-18 00:01:00,32.91435,-3.35805,oued kaddou,Eptesicus isabellinus,female
2012-07-18 00:01:00,32.91435,-3.35805,oued kaddou,Eptesicus isabellinus,female
2012-07-18 00:01:00,32.91435,-3.35805,oued kaddou,Eptesicus isabellinus,female
2012-07-18 00:01:00,32.91435,-3.35805,oued kaddou,Eptesicus isabellinus,female
2012-07-18 00:01:00,32.91435,-3.35805,oued kaddou,Eptesicus isabellinus,female
2012-07-18 00:01:00,32.91435,-3.35805,oued kaddou,Eptesicus isabellinus,female
2012-07-18 00:01:00,32.91435,-3.35805,oued kaddou,Eptesicus isabellinus,female
2013-07-29 19:30:00,33.65024,-4.16265,,Myotis mystacinus,female
2013-07-29 19:30:00,33.65024,-4.16265,,Plecotus teneriffae,male
2013-07-29 19:30:00,33.65024,-4.16265,,Plecotus teneriffae,female
